Column1,Column12,Column2,Column3,Column4,Column5,Column6,Column7,Column8
Column1,#N/A,Column2,Column3,Column4,Column5,Column6,Column7,"insert into EscritorioApoio (setor, endereco, telefone, fax, estado, fk_sen_id) select 'Column4','Column5','Column6','Column7','Column2', id from senador where nome = 'Column1';"
ÚLTIMA ATUALIZAÇÃO,#N/A,15/11/2019 05:34                                                                                                                                                                                                                                                                                                                                                                                                                                                                                                                                                                                                                                                                                                                                                                                                                                                                                                                                                                                                     ,,,,,,"insert into EscritorioApoio (setor, endereco, telefone, fax, estado, fk_sen_id) select '','','','','15/11/2019 05:34                                                                                                                                                                                                                                                                                                                                                                                                                                                                                                                                                                                                                                                                                                                                                                                                                                                                                                                                                                                                     ', id from senador where nome = 'ÚLTIMA ATUALIZAÇÃO';"
NOME,#N/A,ESTADO,PARTIDO,SETOR,ENDEREÇO,TELEFONE,FAX,"insert into EscritorioApoio (setor, endereco, telefone, fax, estado, fk_sen_id) select 'SETOR','ENDEREÇO','TELEFONE','FAX','ESTADO', id from senador where nome = 'NOME';"
ACIR GURGACZ,ACIR GURGACZ,RO,,Escritório de Apoio do Senador Acir Gurgacz,"AVENIDA JI-PARANÁ, 417. URUPÁ, JI-PARANÁ, RO. CEP:76900-239",(69) 3421-0912,,"insert into EscritorioApoio (setor, endereco, telefone, fax, estado, fk_sen_id) select 'Escritório de Apoio do Senador Acir Gurgacz','AVENIDA JI-PARANÁ, 417. URUPÁ, JI-PARANÁ, RO. CEP:76900-239','(69) 3421-0912','','RO', id from senador where nome = 'ACIR GURGACZ';"
ALESSANDRO VIEIRA,ALESSANDRO VIEIRA,SE,,Escritório de Apoio nº 01 do Senador Alessandro Vieira,"AVENIDA AUGUSTO FRANCO, 2980. LOJA 05 SHOPPING CASA DESIGN. TEL. (79)3303-4349. PONTO NOVO, ARACAJU, SE. CEP:49047-420",,,"insert into EscritorioApoio (setor, endereco, telefone, fax, estado, fk_sen_id) select 'Escritório de Apoio nº 01 do Senador Alessandro Vieira','AVENIDA AUGUSTO FRANCO, 2980. LOJA 05 SHOPPING CASA DESIGN. TEL. (79)3303-4349. PONTO NOVO, ARACAJU, SE. CEP:49047-420','','','SE', id from senador where nome = 'ALESSANDRO VIEIRA';"
ALVARO DIAS,ALVARO DIAS,PR,,Escritorio de Apoio do Senador Alvaro Dias,"RUA COMENDADOR ARAÚJO, 510. CJ. 503. CURITIBA, PR. CEP:80420-000",(41) 3311-4059,,"insert into EscritorioApoio (setor, endereco, telefone, fax, estado, fk_sen_id) select 'Escritorio de Apoio do Senador Alvaro Dias','RUA COMENDADOR ARAÚJO, 510. CJ. 503. CURITIBA, PR. CEP:80420-000','(41) 3311-4059','','PR', id from senador where nome = 'ALVARO DIAS';"
ANGELO CORONEL,ANGELO CORONEL,BA,,Escritório de Apoio nº 01 do Senador Angelo Coronel,"ALAMEDA DAS FRAMBOESAS, 349. CAMINHO DAS ÁRVORES, SALVADOR, BA. CEP:41820-450",,,"insert into EscritorioApoio (setor, endereco, telefone, fax, estado, fk_sen_id) select 'Escritório de Apoio nº 01 do Senador Angelo Coronel','ALAMEDA DAS FRAMBOESAS, 349. CAMINHO DAS ÁRVORES, SALVADOR, BA. CEP:41820-450','','','BA', id from senador where nome = 'ANGELO CORONEL';"
ANTONIO ANASTASIA,ANTONIO ANASTASIA,MG,,Escritório de Apoio 1 do Senador Antônio Anastasia,"RUA SANTA CATARINA, 1631. 9º ANDAR. BAIRRO DE LOURDES, BELO HORIZONTE, MG. CEP:30170-081",,,"insert into EscritorioApoio (setor, endereco, telefone, fax, estado, fk_sen_id) select 'Escritório de Apoio 1 do Senador Antônio Anastasia','RUA SANTA CATARINA, 1631. 9º ANDAR. BAIRRO DE LOURDES, BELO HORIZONTE, MG. CEP:30170-081','','','MG', id from senador where nome = 'ANTONIO ANASTASIA';"
AROLDE DE OLIVEIRA,AROLDE DE OLIVEIRA,RJ,,Escritório de Apoio nº 01 do Senador Arolde de Oliveira,"RUA DA QUITANDA, 3. GRUPOS 810 E 901. CENTRO, RIO DE JANEIRO, RJ. CEP:20011-030",(21) 2532-3693,,"insert into EscritorioApoio (setor, endereco, telefone, fax, estado, fk_sen_id) select 'Escritório de Apoio nº 01 do Senador Arolde de Oliveira','RUA DA QUITANDA, 3. GRUPOS 810 E 901. CENTRO, RIO DE JANEIRO, RJ. CEP:20011-030','(21) 2532-3693','','RJ', id from senador where nome = 'AROLDE DE OLIVEIRA';"
CARLOS VIANA,CARLOS VIANA,MG,,Escritório de Apoio nº 01 do Senador Carlos Viana,"RUA GUAJAJARAS, 40. SALA 604, EDIFÍCIO MIRAFIORI. CENTRO, BELO HORIZONTE, MG. CEP:30180-100",(31) 3327-0044,,"insert into EscritorioApoio (setor, endereco, telefone, fax, estado, fk_sen_id) select 'Escritório de Apoio nº 01 do Senador Carlos Viana','RUA GUAJAJARAS, 40. SALA 604, EDIFÍCIO MIRAFIORI. CENTRO, BELO HORIZONTE, MG. CEP:30180-100','(31) 3327-0044','','MG', id from senador where nome = 'CARLOS VIANA';"
CHICO RODRIGUES,CHICO RODRIGUES,RR,,Escritório de Apoio nº 01 do Senador Chico Rodrigues,"AVENIDA SURUMU, 776. TEL. (95) 3623-7475. SÃO VICENTE, BOA VISTA, RR. CEP:69303-455",,,"insert into EscritorioApoio (setor, endereco, telefone, fax, estado, fk_sen_id) select 'Escritório de Apoio nº 01 do Senador Chico Rodrigues','AVENIDA SURUMU, 776. TEL. (95) 3623-7475. SÃO VICENTE, BOA VISTA, RR. CEP:69303-455','','','RR', id from senador where nome = 'CHICO RODRIGUES';"
CID GOMES,CID GOMES,CE,,Escritório de Apoio nº 01 do Senador Cid Gomes,"AVENIDA DOM JOSÉ TUPINAMBÁ DA FROTA, 445. SALA 2. SOBRAL, CE. CEP:62010-290",,,"insert into EscritorioApoio (setor, endereco, telefone, fax, estado, fk_sen_id) select 'Escritório de Apoio nº 01 do Senador Cid Gomes','AVENIDA DOM JOSÉ TUPINAMBÁ DA FROTA, 445. SALA 2. SOBRAL, CE. CEP:62010-290','','','CE', id from senador where nome = 'CID GOMES';"
CID GOMES,CID GOMES,CE,,Escritório de Apoio nº 02 do Senador Cid Gomes,"AVENIDA DESEMBARGADOR MOREIRA, 1300. ED. BS DESIGN CORPORATE TOWERS, SALAS 317 E 319. ALDEOTA, FORTALEZA, CE. CEP:60170-002",,,"insert into EscritorioApoio (setor, endereco, telefone, fax, estado, fk_sen_id) select 'Escritório de Apoio nº 02 do Senador Cid Gomes','AVENIDA DESEMBARGADOR MOREIRA, 1300. ED. BS DESIGN CORPORATE TOWERS, SALAS 317 E 319. ALDEOTA, FORTALEZA, CE. CEP:60170-002','','','CE', id from senador where nome = 'CID GOMES';"
CIRO NOGUEIRA,CIRO NOGUEIRA,PI,,Escritório de Apoio do Senador Ciro Nogueira,"RUA ANTONIO CHAVES, 1975. NOIVOS, TERESINA, PI. CEP:64045-340",(86) 3221-6654,(86)3221-2777,"insert into EscritorioApoio (setor, endereco, telefone, fax, estado, fk_sen_id) select 'Escritório de Apoio do Senador Ciro Nogueira','RUA ANTONIO CHAVES, 1975. NOIVOS, TERESINA, PI. CEP:64045-340','(86) 3221-6654','(86)3221-2777','PI', id from senador where nome = 'CIRO NOGUEIRA';"
CONFUCIO MOURA,CONFUCIO MOURA,RO,,Escritório de Apoio nº 01 do Senador Confúcio Moura,"AVENIDA FARQUAR, 3460. PEDRINHAS, PORTO VELHO, RO. CEP:76801-432",,,"insert into EscritorioApoio (setor, endereco, telefone, fax, estado, fk_sen_id) select 'Escritório de Apoio nº 01 do Senador Confúcio Moura','AVENIDA FARQUAR, 3460. PEDRINHAS, PORTO VELHO, RO. CEP:76801-432','','','RO', id from senador where nome = 'CONFUCIO MOURA';"
DANIELLA RIBEIRO,DANIELLA RIBEIRO,PB,,Escritório de Apoio nº 01 da Senadora Daniella Ribeiro,"RUA BENJAMIN CONSTANT, 170. SALA 803. ESTAÇÃO VELHA, CAMPINA GRANDE, PB. CEP:58410-003",,,"insert into EscritorioApoio (setor, endereco, telefone, fax, estado, fk_sen_id) select 'Escritório de Apoio nº 01 da Senadora Daniella Ribeiro','RUA BENJAMIN CONSTANT, 170. SALA 803. ESTAÇÃO VELHA, CAMPINA GRANDE, PB. CEP:58410-003','','','PB', id from senador where nome = 'DANIELLA RIBEIRO';"
DARIO BERGER,DARIO BERGER,SC,,Escritório de Apoio 1 do Senador Dário Berger,"AVENIDA ENGENHEIRO MAX DE SOUZA, 1135. ED. CORAL CORPORATE - SALA 409. COQUEIROS, FLORIANÓPOLIS, SC. CEP:88080-000",(48) 3249.7915,,"insert into EscritorioApoio (setor, endereco, telefone, fax, estado, fk_sen_id) select 'Escritório de Apoio 1 do Senador Dário Berger','AVENIDA ENGENHEIRO MAX DE SOUZA, 1135. ED. CORAL CORPORATE - SALA 409. COQUEIROS, FLORIANÓPOLIS, SC. CEP:88080-000','(48) 3249.7915','','SC', id from senador where nome = 'DARIO BERGER';"
DAVI ACOLUMBRE,DAVI ACOLUMBRE,AP,,Escritório de Apoio nº 1 do Senador Davi Alcolumbre,"RUA PROFESSOR TOSTES, 2822. BURITIZAL, MACAPA, AP. CEP:68892-902",(96) 3225-2277,,"insert into EscritorioApoio (setor, endereco, telefone, fax, estado, fk_sen_id) select 'Escritório de Apoio nº 1 do Senador Davi Alcolumbre','RUA PROFESSOR TOSTES, 2822. BURITIZAL, MACAPA, AP. CEP:68892-902','(96) 3225-2277','','AP', id from senador where nome = 'DAVI ACOLUMBRE';"
EDUARDO BRAGA,EDUARDO BRAGA,AM,,Escritório do Senador Eduardo Braga,"ALAMEDA PORTUGAL, 109. QUADRA 7. PONTA NEGRA, MANAUS, AM. CEP:69037-023",(92) 3643-9511,(92)36439531,"insert into EscritorioApoio (setor, endereco, telefone, fax, estado, fk_sen_id) select 'Escritório do Senador Eduardo Braga','ALAMEDA PORTUGAL, 109. QUADRA 7. PONTA NEGRA, MANAUS, AM. CEP:69037-023','(92) 3643-9511','(92)36439531','AM', id from senador where nome = 'EDUARDO BRAGA';"
EDUARDO GIRÃO,EDUARDO GIRÃO,CE,,Escritório de Apoio nº 01 do Senador Eduardo Girão,"AVENIDA DESEMBARGADOR MOREIRA, 2120. SALA 1.306, DIONÍSIO TORRES. ALDEOTA, FORTALEZA, CE. CEP:60170-002",,,"insert into EscritorioApoio (setor, endereco, telefone, fax, estado, fk_sen_id) select 'Escritório de Apoio nº 01 do Senador Eduardo Girão','AVENIDA DESEMBARGADOR MOREIRA, 2120. SALA 1.306, DIONÍSIO TORRES. ALDEOTA, FORTALEZA, CE. CEP:60170-002','','','CE', id from senador where nome = 'EDUARDO GIRÃO';"
EDUARDO GOMES,EDUARDO GOMES,TO,,Escritório de Apoio nº 01 do Senador Eduardo Gomes,"QUADRA 110 SUL ALAMEDA, 1. LOTES 08/10. PLANO DIRETOR SUL, PALMAS, TO. CEP:77020-142",,,"insert into EscritorioApoio (setor, endereco, telefone, fax, estado, fk_sen_id) select 'Escritório de Apoio nº 01 do Senador Eduardo Gomes','QUADRA 110 SUL ALAMEDA, 1. LOTES 08/10. PLANO DIRETOR SUL, PALMAS, TO. CEP:77020-142','','','TO', id from senador where nome = 'EDUARDO GOMES';"
ELIZIANE GAMA,ELIZIANE GAMA,MA,,Escritório de Apoio nº 01 da Senadora Eliziane Gama,"AVENIDA DOS HOLANDESES. EDIFÍCIO MARCUS BARBOSA, SALAS 101 E 102. CALHAU, SÃO LUIS, MA. CEP:65071-380",,,"insert into EscritorioApoio (setor, endereco, telefone, fax, estado, fk_sen_id) select 'Escritório de Apoio nº 01 da Senadora Eliziane Gama','AVENIDA DOS HOLANDESES. EDIFÍCIO MARCUS BARBOSA, SALAS 101 E 102. CALHAU, SÃO LUIS, MA. CEP:65071-380','','','MA', id from senador where nome = 'ELIZIANE GAMA';"
ELMANO FERRER,ELMANO FERRER,PI,,Escritório de Apoio 1 do Senador Elmano Férrer,"AVENIDA DOM SEVERINO, 1323. EDIFÍCIO SANTA FÉ, TÉRREO B. FÁTIMA, TERESINA, PI. CEP:64051200",,,"insert into EscritorioApoio (setor, endereco, telefone, fax, estado, fk_sen_id) select 'Escritório de Apoio 1 do Senador Elmano Férrer','AVENIDA DOM SEVERINO, 1323. EDIFÍCIO SANTA FÉ, TÉRREO B. FÁTIMA, TERESINA, PI. CEP:64051200','','','PI', id from senador where nome = 'ELMANO FERRER';"
ESPERIDIÃO AMIN,ESPERIDIÃO AMIN,SC,,Escritório de Apoio nº 01 do Senador Esperidião Amin,"RUA ÁLVARO DE CARVALHO, 267. 10º ANDAR ED. MAPIL. CENTRO, FLORIANÓPOLIS, SC. CEP:88010-040",(48) 3222-4100,,"insert into EscritorioApoio (setor, endereco, telefone, fax, estado, fk_sen_id) select 'Escritório de Apoio nº 01 do Senador Esperidião Amin','RUA ÁLVARO DE CARVALHO, 267. 10º ANDAR ED. MAPIL. CENTRO, FLORIANÓPOLIS, SC. CEP:88010-040','(48) 3222-4100','','SC', id from senador where nome = 'ESPERIDIÃO AMIN';"
FABIANO CONTARATO,FABIANO CONTARATO,ES,,Escritório de Apoio nº 01 do Senador Fabiano Contarato,"RUA ITACIBÁ, 135. SALA 1112/C. PRAIA DE ITAPARICA, VILA VELHA, ES. CEP:29102-280",,,"insert into EscritorioApoio (setor, endereco, telefone, fax, estado, fk_sen_id) select 'Escritório de Apoio nº 01 do Senador Fabiano Contarato','RUA ITACIBÁ, 135. SALA 1112/C. PRAIA DE ITAPARICA, VILA VELHA, ES. CEP:29102-280','','','ES', id from senador where nome = 'FABIANO CONTARATO';"
FERNANDO BEZERRA,FERNANDO BEZERRA,PE,,Escritório de Apoio 1 do Senador Fernando Bezerra Coelho,"AVENIDA REPÚBLICA DO LÍBANO, 251. S. 911 - COMPLEXO EMPRESARIAL TRADE CENTER - SHOPPING RIOMAR. PINA, RECIFE, PE. CEP:51110-900",,,"insert into EscritorioApoio (setor, endereco, telefone, fax, estado, fk_sen_id) select 'Escritório de Apoio 1 do Senador Fernando Bezerra Coelho','AVENIDA REPÚBLICA DO LÍBANO, 251. S. 911 - COMPLEXO EMPRESARIAL TRADE CENTER - SHOPPING RIOMAR. PINA, RECIFE, PE. CEP:51110-900','','','PE', id from senador where nome = 'FERNANDO BEZERRA';"
FERNANDO BEZERRA,FERNANDO BEZERRA,PE,,Escritório de Apoio 2 do Senador Fernando Bezerra Coelho,"RUA IRMÃ JERÔNIMA, 227. COLISEU, PETROLINA, PE. CEP:56304-130",,,"insert into EscritorioApoio (setor, endereco, telefone, fax, estado, fk_sen_id) select 'Escritório de Apoio 2 do Senador Fernando Bezerra Coelho','RUA IRMÃ JERÔNIMA, 227. COLISEU, PETROLINA, PE. CEP:56304-130','','','PE', id from senador where nome = 'FERNANDO BEZERRA';"
FERNANDO COLLOR,FERNANDO COLLOR,AL,,Escritorio de Apoio do Senador Fernando Collor,"AVENIDA DR. ANTÔNIO GOMES DE BARROS, 625. EDIFÍCIO THE SQUARE SALAS 716/719. JATIÚCA, MACEIO, AL. CEP:57036-001",,,"insert into EscritorioApoio (setor, endereco, telefone, fax, estado, fk_sen_id) select 'Escritorio de Apoio do Senador Fernando Collor','AVENIDA DR. ANTÔNIO GOMES DE BARROS, 625. EDIFÍCIO THE SQUARE SALAS 716/719. JATIÚCA, MACEIO, AL. CEP:57036-001','','','AL', id from senador where nome = 'FERNANDO COLLOR';"
FLÁVIO ARNS,FLÁVIO ARNS,PR,,Escritório de Apoio do Senador Flávio Arns,"RUA NESTOR VICTOR, 255. ESQUINA COM RUA PROF. LUIZ CÉSAR, 121. TEL. (41) 3532-9811. ÁGUA VERDE, CURITIBA, PR. CEP:80620-400",,,"insert into EscritorioApoio (setor, endereco, telefone, fax, estado, fk_sen_id) select 'Escritório de Apoio do Senador Flávio Arns','RUA NESTOR VICTOR, 255. ESQUINA COM RUA PROF. LUIZ CÉSAR, 121. TEL. (41) 3532-9811. ÁGUA VERDE, CURITIBA, PR. CEP:80620-400','','','PR', id from senador where nome = 'FLÁVIO ARNS';"
FLÁVIO BOLSONARO,FLÁVIO BOLSONARO,RJ,,Escritório de Apoio nº 01 do Senador Flávio Bolsonaro,"AVENIDA ALMIRANTE JÚLIO DE SÁ BIERRENBACH, 65. ED. AQUARIUS - BL. 1, SALA 221.. BARRA DA TIJUCA, RIO DE JANEIRO, RJ. CEP:22775-028",(21) 3030-0017,,"insert into EscritorioApoio (setor, endereco, telefone, fax, estado, fk_sen_id) select 'Escritório de Apoio nº 01 do Senador Flávio Bolsonaro','AVENIDA ALMIRANTE JÚLIO DE SÁ BIERRENBACH, 65. ED. AQUARIUS - BL. 1, SALA 221.. BARRA DA TIJUCA, RIO DE JANEIRO, RJ. CEP:22775-028','(21) 3030-0017','','RJ', id from senador where nome = 'FLÁVIO BOLSONARO';"
HUMBERTO COSTA,HUMBERTO COSTA,PE,,Escritório de Apoio do Senador Humberto Costa,"AVENIDA ENGENHEIRO DOMINGOS FERREIRA, 2391. BOA VIAGEM, RECIFE, PE. CEP:51020-031",,,"insert into EscritorioApoio (setor, endereco, telefone, fax, estado, fk_sen_id) select 'Escritório de Apoio do Senador Humberto Costa','AVENIDA ENGENHEIRO DOMINGOS FERREIRA, 2391. BOA VIAGEM, RECIFE, PE. CEP:51020-031','','','PE', id from senador where nome = 'HUMBERTO COSTA';"
HUMBERTO COSTA,HUMBERTO COSTA,PE,,Escritório de Apoio 2 do Senador Humberto Costa,"RUA ISAURA CAVALCANTE DE OLIVEIRA, 4. CENTRO, VICENCIA, PE. CEP:55850-000",,,"insert into EscritorioApoio (setor, endereco, telefone, fax, estado, fk_sen_id) select 'Escritório de Apoio 2 do Senador Humberto Costa','RUA ISAURA CAVALCANTE DE OLIVEIRA, 4. CENTRO, VICENCIA, PE. CEP:55850-000','','','PE', id from senador where nome = 'HUMBERTO COSTA';"
IRAJÁ ABREU,IRAJÁ ABREU,TO,,Escritório de Apoio nº 1 do Senador Irajá,"QUADRA 104 NORTE, AVENIDA LO 4, LOTE 39, SALA 4. TEL. (63) 3215.7707. PLANO DIRETOR NORTE, PALMAS, TO. CEP:77006-032",,,"insert into EscritorioApoio (setor, endereco, telefone, fax, estado, fk_sen_id) select 'Escritório de Apoio nº 1 do Senador Irajá','QUADRA 104 NORTE, AVENIDA LO 4, LOTE 39, SALA 4. TEL. (63) 3215.7707. PLANO DIRETOR NORTE, PALMAS, TO. CEP:77006-032','','','TO', id from senador where nome = 'IRAJÁ ABREU';"
IZALCI LUCAS,IZALCI LUCAS,DF,,Escritório de Apoio do Senador Izalci Lucas,"SETOR SDS BLOCO D EDIFÍCIO ELDORADO. SALA 301. BRASÍLIA, DF. CEP:70392-901",,,"insert into EscritorioApoio (setor, endereco, telefone, fax, estado, fk_sen_id) select 'Escritório de Apoio do Senador Izalci Lucas','SETOR SDS BLOCO D EDIFÍCIO ELDORADO. SALA 301. BRASÍLIA, DF. CEP:70392-901','','','DF', id from senador where nome = 'IZALCI LUCAS';"
JADER BARBALHO,JADER BARBALHO,PA,,Escritório de Apoio 1 do Senador Jader Barbalho,"RUA GASPAR VIANA, 773. REDUTO, BELÉM, PA. CEP:66053-090",,,"insert into EscritorioApoio (setor, endereco, telefone, fax, estado, fk_sen_id) select 'Escritório de Apoio 1 do Senador Jader Barbalho','RUA GASPAR VIANA, 773. REDUTO, BELÉM, PA. CEP:66053-090','','','PA', id from senador where nome = 'JADER BARBALHO';"
JAQUES WAGNER,JAQUES WAGNER,BA,,Escritório de Apoio nº 01 do Senador Jaques Wagner,"AVENIDA L. VIANA FILHO, 6462. TORRE WEST, SALA 601. SALVADOR, BA. CEP:41730-101",,,"insert into EscritorioApoio (setor, endereco, telefone, fax, estado, fk_sen_id) select 'Escritório de Apoio nº 01 do Senador Jaques Wagner','AVENIDA L. VIANA FILHO, 6462. TORRE WEST, SALA 601. SALVADOR, BA. CEP:41730-101','','','BA', id from senador where nome = 'JAQUES WAGNER';"
JARBAS VASCONCELOS,JARBAS VASCONCELOS,PE,,Escritório de Apoio nº1 do Senador Jarbas Vasconcelos,"RUA RUA DO JASMIM N° 269. ILHA DO LEITE. RECIFE, PE. CEP:50070-580",(81) 3421-6106,,"insert into EscritorioApoio (setor, endereco, telefone, fax, estado, fk_sen_id) select 'Escritório de Apoio nº1 do Senador Jarbas Vasconcelos','RUA RUA DO JASMIM N° 269. ILHA DO LEITE. RECIFE, PE. CEP:50070-580','(81) 3421-6106','','PE', id from senador where nome = 'JARBAS VASCONCELOS';"
JAYME CAMPOS,JAYME CAMPOS,MT,,Escritório de Apoionº 01 do Senador Jayme Campos,"AVENIDA CASTELO BRANCO, 325. SALA 81. CENTRO SUL, VARZEA GRANDE, MT. CEP:78110-901",,,"insert into EscritorioApoio (setor, endereco, telefone, fax, estado, fk_sen_id) select 'Escritório de Apoionº 01 do Senador Jayme Campos','AVENIDA CASTELO BRANCO, 325. SALA 81. CENTRO SUL, VARZEA GRANDE, MT. CEP:78110-901','','','MT', id from senador where nome = 'JAYME CAMPOS';"
JEAN PAUL PRATES,JEAN PAUL PRATES,RN,,Escritório de Apoio nº 01 do Senador Jean Paul Prates,"RUA RAIMUNDO CHAVES, 2170. CANDELÁRIA, NATAL, RN. CEP:59064-390",,,"insert into EscritorioApoio (setor, endereco, telefone, fax, estado, fk_sen_id) select 'Escritório de Apoio nº 01 do Senador Jean Paul Prates','RUA RAIMUNDO CHAVES, 2170. CANDELÁRIA, NATAL, RN. CEP:59064-390','','','RN', id from senador where nome = 'JEAN PAUL PRATES';"
JORGE KAJURU,JORGE KAJURU,GO,,Escritório de Apoio nº 01 do Senador Jorge Kajuru,"AVENIDA R-, 9. QUADRA R 10 LT. 11 SOBRADO Nº 03. SETOR OESTE, GOIANIA, GO. CEP:74125-110",,,"insert into EscritorioApoio (setor, endereco, telefone, fax, estado, fk_sen_id) select 'Escritório de Apoio nº 01 do Senador Jorge Kajuru','AVENIDA R-, 9. QUADRA R 10 LT. 11 SOBRADO Nº 03. SETOR OESTE, GOIANIA, GO. CEP:74125-110','','','GO', id from senador where nome = 'JORGE KAJURU';"
JORGINHO MELLO,JORGINHO MELLO,SC,,Escritório de Apoio nº 01 do Senador Jorginho Mello,"RUA SILVA JARDIM, 201. PAVIMENTO SUPERIOR. CENTRO, FLORIANÓPOLIS, SC. CEP:88020-200",,,"insert into EscritorioApoio (setor, endereco, telefone, fax, estado, fk_sen_id) select 'Escritório de Apoio nº 01 do Senador Jorginho Mello','RUA SILVA JARDIM, 201. PAVIMENTO SUPERIOR. CENTRO, FLORIANÓPOLIS, SC. CEP:88020-200','','','SC', id from senador where nome = 'JORGINHO MELLO';"
JOSÉ MARANHÃO,JOSÉ MARANHÃO,PB,,Escritório de Apoio 1 do Senador José Maranhão,"PARQUE SÓLON DE LUCENA, 671. CENTRO, JOÃO PESSOA, PB. CEP:58013-130",,,"insert into EscritorioApoio (setor, endereco, telefone, fax, estado, fk_sen_id) select 'Escritório de Apoio 1 do Senador José Maranhão','PARQUE SÓLON DE LUCENA, 671. CENTRO, JOÃO PESSOA, PB. CEP:58013-130','','','PB', id from senador where nome = 'JOSÉ MARANHÃO';"
JOSÉ SERRA,JOSÉ SERRA,SP,,Escritório de Apoio 1 do Senador José Serra,"SÃO PAULO, SP.",,,"insert into EscritorioApoio (setor, endereco, telefone, fax, estado, fk_sen_id) select 'Escritório de Apoio 1 do Senador José Serra','SÃO PAULO, SP.','','','SP', id from senador where nome = 'JOSÉ SERRA';"
SELMA ARRUDA,SELMA ARRUDA,MT,,Escritório de Apoio nº 01 da Senadora Juíza Selma,"AVENIDA HISTORIADOR RUBENS DE MENDONÇA, 1856. ED. CUIABÁ OFFICE TOWER, SALAS 1404/1405/1406 E 1407. BOSQUE DA SAÚDE, CUIABA, MT. CEP:78050-000",,,"insert into EscritorioApoio (setor, endereco, telefone, fax, estado, fk_sen_id) select 'Escritório de Apoio nº 01 da Senadora Juíza Selma','AVENIDA HISTORIADOR RUBENS DE MENDONÇA, 1856. ED. CUIABÁ OFFICE TOWER, SALAS 1404/1405/1406 E 1407. BOSQUE DA SAÚDE, CUIABA, MT. CEP:78050-000','','','MT', id from senador where nome = 'SELMA ARRUDA';"
KÁTIA ABREU,KÁTIA ABREU,TO,,Escritório de Apoio da Senadora Kátia Abreu,"RUA ARSE 21, ALAMEDA EMAS, QI 10, LOTE 33. SALAS 01, 02 E 03. PLANO DIRETOR SUL, PALMAS, TO. CEP:77020-474",,,"insert into EscritorioApoio (setor, endereco, telefone, fax, estado, fk_sen_id) select 'Escritório de Apoio da Senadora Kátia Abreu','RUA ARSE 21, ALAMEDA EMAS, QI 10, LOTE 33. SALAS 01, 02 E 03. PLANO DIRETOR SUL, PALMAS, TO. CEP:77020-474','','','TO', id from senador where nome = 'KÁTIA ABREU';"
KÁTIA ABREU,KÁTIA ABREU,TO,,Escritório de Apoio nº2 da Senadora Kátia Abreu,,,,"insert into EscritorioApoio (setor, endereco, telefone, fax, estado, fk_sen_id) select 'Escritório de Apoio nº2 da Senadora Kátia Abreu','','','','TO', id from senador where nome = 'KÁTIA ABREU';"
LASIER MARTINS,LASIER MARTINS,RS,,Escritório de Apoio nº 1 do Senador Lasier Martins,"RUA GENERAL ANDRADE NEVES, Nº 14 - SALA 801. CENTRO HISTÓRICO, PORTO ALEGRE, RS. CEP:90010-210",(51) 3061-0123,,"insert into EscritorioApoio (setor, endereco, telefone, fax, estado, fk_sen_id) select 'Escritório de Apoio nº 1 do Senador Lasier Martins','RUA GENERAL ANDRADE NEVES, Nº 14 - SALA 801. CENTRO HISTÓRICO, PORTO ALEGRE, RS. CEP:90010-210','(51) 3061-0123','','RS', id from senador where nome = 'LASIER MARTINS';"
LEILA BARROS,LEILA BARROS,DF,,Escritório de Apoio nº 01 da Senadora Leila Barros,"QUADRA SDS. ED. ELDOURADO, BLOCO ""D"", N. 60, SALA 315. BRASÍLIA, DF. CEP:70392-901",,,"insert into EscritorioApoio (setor, endereco, telefone, fax, estado, fk_sen_id) select 'Escritório de Apoio nº 01 da Senadora Leila Barros','QUADRA SDS. ED. ELDOURADO, BLOCO ""D"", N. 60, SALA 315. BRASÍLIA, DF. CEP:70392-901','','','DF', id from senador where nome = 'LEILA BARROS';"
LUCAS BARRETO,LUCAS BARRETO,AP,,Escritório de Apoio nº 01 do Senador Lucas Barreto,"AVENIDA EQUATORIAL, 2265. JARDIM MARCO ZERO, MACAPA, AP. CEP:68903-361",,,"insert into EscritorioApoio (setor, endereco, telefone, fax, estado, fk_sen_id) select 'Escritório de Apoio nº 01 do Senador Lucas Barreto','AVENIDA EQUATORIAL, 2265. JARDIM MARCO ZERO, MACAPA, AP. CEP:68903-361','','','AP', id from senador where nome = 'LUCAS BARRETO';"
LUIZ CARLOS HEINZE,LUIZ CARLOS HEINZE,RS,,Escritório de Apoio 1 do Senador Luis Carlos Heinze,"RUA RIACHUELO, 1098. PORTO ALEGRE, RS. CEP:90010-270",,,"insert into EscritorioApoio (setor, endereco, telefone, fax, estado, fk_sen_id) select 'Escritório de Apoio 1 do Senador Luis Carlos Heinze','RUA RIACHUELO, 1098. PORTO ALEGRE, RS. CEP:90010-270','','','RS', id from senador where nome = 'LUIZ CARLOS HEINZE';"
LUIZ CARLOS HEINZE,LUIZ CARLOS HEINZE,RS,,Escritório de Apoio 2 do Senador Luis Carlos Heinze,"RUA GENERAL OSÓRIO, 1765. SÃO BORJA, RS. CEP:97670-000",,,"insert into EscritorioApoio (setor, endereco, telefone, fax, estado, fk_sen_id) select 'Escritório de Apoio 2 do Senador Luis Carlos Heinze','RUA GENERAL OSÓRIO, 1765. SÃO BORJA, RS. CEP:97670-000','','','RS', id from senador where nome = 'LUIZ CARLOS HEINZE';"
LUIZ CARLOS DO CARMO,LUIZ CARLOS DO CARMO,GO,,Escritório de Apoio nº 01 do Senador Luiz Carlos do Carmo,"AVENIDA R-9, 213. QUADRA R 11 LOTE 11 (CASA COMERCIAL). SETOR OESTE, GOIANIA, GO.",,,"insert into EscritorioApoio (setor, endereco, telefone, fax, estado, fk_sen_id) select 'Escritório de Apoio nº 01 do Senador Luiz Carlos do Carmo','AVENIDA R-9, 213. QUADRA R 11 LOTE 11 (CASA COMERCIAL). SETOR OESTE, GOIANIA, GO.','','','GO', id from senador where nome = 'LUIZ CARLOS DO CARMO';"
MAILZA GOMES,MAILZA GOMES,AC,,Escritório de Apoio 1 da Senadora Mailza Gomes,"AVENIDA TRAVESSA BOA VISTA, 111. ISAURA PARENTE, RIO BRANCO, AC. CEP:69918306",,,"insert into EscritorioApoio (setor, endereco, telefone, fax, estado, fk_sen_id) select 'Escritório de Apoio 1 da Senadora Mailza Gomes','AVENIDA TRAVESSA BOA VISTA, 111. ISAURA PARENTE, RIO BRANCO, AC. CEP:69918306','','','AC', id from senador where nome = 'MAILZA GOMES';"
MAJOR OLÍMPIO,MAJOR OLÍMPIO,SP,,Escritório de Apoio nº 01 do Senador Major Olimpio,"SÃO PAULO, SP.",,,"insert into EscritorioApoio (setor, endereco, telefone, fax, estado, fk_sen_id) select 'Escritório de Apoio nº 01 do Senador Major Olimpio','SÃO PAULO, SP.','','','SP', id from senador where nome = 'MAJOR OLÍMPIO';"
MARA GABRILLI,MARA GABRILLI,SP,,Escritório de Apoio nº 01 da Senadora Mara Gabrilli,"AVENIDA PAULISTA, 1159. 11º ANDAR, CONJUNTOS 1111/1112. EDIFÍCIO BARÃO DE SERRO AZUL. SÃO PAULO, SP. CEP:01311-921",,,"insert into EscritorioApoio (setor, endereco, telefone, fax, estado, fk_sen_id) select 'Escritório de Apoio nº 01 da Senadora Mara Gabrilli','AVENIDA PAULISTA, 1159. 11º ANDAR, CONJUNTOS 1111/1112. EDIFÍCIO BARÃO DE SERRO AZUL. SÃO PAULO, SP. CEP:01311-921','','','SP', id from senador where nome = 'MARA GABRILLI';"
MARCELO CASTRO,MARCELO CASTRO,PI,,Escritório de Apoio nº 01 do Senador Marcelo de Castro,"AVENIDA SENADOR AREIA LEÃO, 1500. SALA 14. JOCKEY CLUB, TERESINA, PI. CEP:64049-110",(86) 3233-4432,,"insert into EscritorioApoio (setor, endereco, telefone, fax, estado, fk_sen_id) select 'Escritório de Apoio nº 01 do Senador Marcelo de Castro','AVENIDA SENADOR AREIA LEÃO, 1500. SALA 14. JOCKEY CLUB, TERESINA, PI. CEP:64049-110','(86) 3233-4432','','PI', id from senador where nome = 'MARCELO CASTRO';"
MÁRCIO BITTAR,MÁRCIO BITTAR,AC,,Escritório de Apoio nº 01 do Senador Márcio Bittar,"RUA ALVORADA, 57. BOSQUE, RIO BRANCO, AC.",,,"insert into EscritorioApoio (setor, endereco, telefone, fax, estado, fk_sen_id) select 'Escritório de Apoio nº 01 do Senador Márcio Bittar','RUA ALVORADA, 57. BOSQUE, RIO BRANCO, AC.','','','AC', id from senador where nome = 'MÁRCIO BITTAR';"
MARCOS DO VAL,MARCOS DO VAL,ES,,Escritório de Apoio nº 01 do Senador Marcos do Val,"RUA JOÃO DA CRUZ, 195. EDIFÍCIO SEVILHA - SALAS 301 E 302. PRAIA DO CANTO, VITÓRIA, ES. CEP:29055-620",(27) 3376-1551,,"insert into EscritorioApoio (setor, endereco, telefone, fax, estado, fk_sen_id) select 'Escritório de Apoio nº 01 do Senador Marcos do Val','RUA JOÃO DA CRUZ, 195. EDIFÍCIO SEVILHA - SALAS 301 E 302. PRAIA DO CANTO, VITÓRIA, ES. CEP:29055-620','(27) 3376-1551','','ES', id from senador where nome = 'MARCOS DO VAL';"
MARCOS ROGÉRIO,MARCOS ROGÉRIO,RO,,Escritório de Apoio nº 1 do Senador Marcos Rogério,"RUA DOM AUGUSTO, 1321. CENTRO, JI-PARANÁ, RO. CEP:76900-103",,,"insert into EscritorioApoio (setor, endereco, telefone, fax, estado, fk_sen_id) select 'Escritório de Apoio nº 1 do Senador Marcos Rogério','RUA DOM AUGUSTO, 1321. CENTRO, JI-PARANÁ, RO. CEP:76900-103','','','RO', id from senador where nome = 'MARCOS ROGÉRIO';"
MARIA DO CARMO ALVES,MARIA DO CARMO ALVES,SE,,Escritório de Apoio da Senadora Maria do Carmo Alves,"RUA FENELON SANTOS, 52. BAIRRO SALGADO FILHO, ARACAJU, SE. CEP:49020-350",,,"insert into EscritorioApoio (setor, endereco, telefone, fax, estado, fk_sen_id) select 'Escritório de Apoio da Senadora Maria do Carmo Alves','RUA FENELON SANTOS, 52. BAIRRO SALGADO FILHO, ARACAJU, SE. CEP:49020-350','','','SE', id from senador where nome = 'MARIA DO CARMO ALVES';"
MECIAS JESUS,MECIAS JESUS,RR,,Escritório de Apoio nº 01 do Senador Mecias de Jesus,"AVENIDA BRIGADEIRO EDUARDO GOMES, 456. BAIRRO DOS ESTADOS, BOA VISTA, RR. CEP:69305-455",,,"insert into EscritorioApoio (setor, endereco, telefone, fax, estado, fk_sen_id) select 'Escritório de Apoio nº 01 do Senador Mecias de Jesus','AVENIDA BRIGADEIRO EDUARDO GOMES, 456. BAIRRO DOS ESTADOS, BOA VISTA, RR. CEP:69305-455','','','RR', id from senador where nome = 'MECIAS JESUS';"
NELSON TRAD,NELSON TRAD,MS,,Escritório de Apoio nº 01 do Senador Nelsinho Trad,"AVENIDA AMÉRICA, 759. VILA PLANALTO, CAMPO GRANDE, MS. CEP:79009-060",,,"insert into EscritorioApoio (setor, endereco, telefone, fax, estado, fk_sen_id) select 'Escritório de Apoio nº 01 do Senador Nelsinho Trad','AVENIDA AMÉRICA, 759. VILA PLANALTO, CAMPO GRANDE, MS. CEP:79009-060','','','MS', id from senador where nome = 'NELSON TRAD';"
OMAR AZIZ,OMAR AZIZ,AM,,Escritório de Apoio nº 01 do Senador Omar Aziz,"RUA BERURI, 157. CONDOMÍNIO EFIGÊNIO SALES. ALEIXO, MANAUS, AM. CEP:69060-446",,,"insert into EscritorioApoio (setor, endereco, telefone, fax, estado, fk_sen_id) select 'Escritório de Apoio nº 01 do Senador Omar Aziz','RUA BERURI, 157. CONDOMÍNIO EFIGÊNIO SALES. ALEIXO, MANAUS, AM. CEP:69060-446','','','AM', id from senador where nome = 'OMAR AZIZ';"
ORIOVISTO GUIMARÃES,ORIOVISTO GUIMARÃES,PR,,Escritório de Apoio nº 01 do Senador Oriovisto Guimarães,"ALAMEDA DR. CARLOS DE CARVALHO, 417. SALA 2004, EDIFÍCIO CURITIBA TRADE CENTER. CENTRO, CURITIBA, PR.",,,"insert into EscritorioApoio (setor, endereco, telefone, fax, estado, fk_sen_id) select 'Escritório de Apoio nº 01 do Senador Oriovisto Guimarães','ALAMEDA DR. CARLOS DE CARVALHO, 417. SALA 2004, EDIFÍCIO CURITIBA TRADE CENTER. CENTRO, CURITIBA, PR.','','','PR', id from senador where nome = 'ORIOVISTO GUIMARÃES';"
OTTO ALENCAR,OTTO ALENCAR,BA,,Escritório de Apoio 1 do Senador Otto Alencar,"AVENIDA TANCREDO NEVES, 620. CONDOMÍNIO MUNDO PLAZA TORRE EMPRESARIAL, SALA 2014. CAMINHO DAS ÁRVORES, SALVADOR, BA. CEP:41820-020",(71) 2132-9828,,"insert into EscritorioApoio (setor, endereco, telefone, fax, estado, fk_sen_id) select 'Escritório de Apoio 1 do Senador Otto Alencar','AVENIDA TANCREDO NEVES, 620. CONDOMÍNIO MUNDO PLAZA TORRE EMPRESARIAL, SALA 2014. CAMINHO DAS ÁRVORES, SALVADOR, BA. CEP:41820-020','(71) 2132-9828','','BA', id from senador where nome = 'OTTO ALENCAR';"
PAULO PAIM,PAULO PAIM,RS,,Escritório de Apoio do Senador Paulo Paim,"AVENIDA GUILHERME SCHELL, 6922. MATHIAS VELHO, CANOAS, RS. CEP:92310-001",,,"insert into EscritorioApoio (setor, endereco, telefone, fax, estado, fk_sen_id) select 'Escritório de Apoio do Senador Paulo Paim','AVENIDA GUILHERME SCHELL, 6922. MATHIAS VELHO, CANOAS, RS. CEP:92310-001','','','RS', id from senador where nome = 'PAULO PAIM';"
PAULO ROCHA,PAULO ROCHA,PA,,Escritório de Apoio 1 do Senador Paulo Rocha,"AVENIDA GENERALÍSSIMO DEODORO, 106. UMAZIRAL, BELÉM, PA. CEP:66055240",,,"insert into EscritorioApoio (setor, endereco, telefone, fax, estado, fk_sen_id) select 'Escritório de Apoio 1 do Senador Paulo Rocha','AVENIDA GENERALÍSSIMO DEODORO, 106. UMAZIRAL, BELÉM, PA. CEP:66055240','','','PA', id from senador where nome = 'PAULO ROCHA';"
PLÍNIO VALÉRIO,PLÍNIO VALÉRIO,AM,,Escritório de Apoio nº 01 do Senador Plínio Valério,"AVENIDA DR. THEOMÁRIO PINTO DA COSTA, 811. EDIFÍCIO SKYE PLATINUM OFFICES, D. PEDRO, SALA 913, 9º ANDAR. MANAUS, AM. CEP:69050-055",,,"insert into EscritorioApoio (setor, endereco, telefone, fax, estado, fk_sen_id) select 'Escritório de Apoio nº 01 do Senador Plínio Valério','AVENIDA DR. THEOMÁRIO PINTO DA COSTA, 811. EDIFÍCIO SKYE PLATINUM OFFICES, D. PEDRO, SALA 913, 9º ANDAR. MANAUS, AM. CEP:69050-055','','','AM', id from senador where nome = 'PLÍNIO VALÉRIO';"
RANDOLFE RODRIGUES,RANDOLFE RODRIGUES,AP,,Escritório de Apoio nº 1 do Senador Randolfe Rodrigues,"AVENIDA ALMIRANTE BARROSO, 2957. ALVORADA, MACAPA, AP. CEP:68906-535",,,"insert into EscritorioApoio (setor, endereco, telefone, fax, estado, fk_sen_id) select 'Escritório de Apoio nº 1 do Senador Randolfe Rodrigues','AVENIDA ALMIRANTE BARROSO, 2957. ALVORADA, MACAPA, AP. CEP:68906-535','','','AP', id from senador where nome = 'RANDOLFE RODRIGUES';"
RENAN CALHEIROS,RENAN CALHEIROS,AL,,Escritório de Apoio do Senador Renan Calheiros,"RUA PAULINA DE MENDONÇA, 816. MANGABEIRAS, MACEIO, AL. CEP:57037-600",(82) 3325-9360,,"insert into EscritorioApoio (setor, endereco, telefone, fax, estado, fk_sen_id) select 'Escritório de Apoio do Senador Renan Calheiros','RUA PAULINA DE MENDONÇA, 816. MANGABEIRAS, MACEIO, AL. CEP:57037-600','(82) 3325-9360','','AL', id from senador where nome = 'RENAN CALHEIROS';"
ROBERTO ROCHA,ROBERTO ROCHA,MA,,Escritório de Apoio 1 do Senador Roberto Rocha,"RUA DA NEBLINA, 30. CALHAU, SÃO LUIS, MA. CEP:65071-520",,,"insert into EscritorioApoio (setor, endereco, telefone, fax, estado, fk_sen_id) select 'Escritório de Apoio 1 do Senador Roberto Rocha','RUA DA NEBLINA, 30. CALHAU, SÃO LUIS, MA. CEP:65071-520','','','MA', id from senador where nome = 'ROBERTO ROCHA';"
RODRIGO CUNHA,RODRIGO CUNHA,AL,,Escritório de Apoio nº 01 do Senador Rodrigo Cunha,"AVENIDA COMENDADOR GUSTAVO PAIVA, 2789. ED. EMPRESARIAL NORCON - SALA 19. MANGABEIRAS, MACEIO, AL. CEP:57037-532",,,"insert into EscritorioApoio (setor, endereco, telefone, fax, estado, fk_sen_id) select 'Escritório de Apoio nº 01 do Senador Rodrigo Cunha','AVENIDA COMENDADOR GUSTAVO PAIVA, 2789. ED. EMPRESARIAL NORCON - SALA 19. MANGABEIRAS, MACEIO, AL. CEP:57037-532','','','AL', id from senador where nome = 'RODRIGO CUNHA';"
RODRIGO PACHECO,RODRIGO PACHECO,MG,,Escritório de Apoio do Senador Rodrigo Pacheco,"RUA MINISTRO OROZIMBO NONATO, 442. SALAS 1209 A 1212 - COND. E-OFFICE. VILA DA SERRA, NOVA LIMA, MG. CEP:34006-053",,,"insert into EscritorioApoio (setor, endereco, telefone, fax, estado, fk_sen_id) select 'Escritório de Apoio do Senador Rodrigo Pacheco','RUA MINISTRO OROZIMBO NONATO, 442. SALAS 1209 A 1212 - COND. E-OFFICE. VILA DA SERRA, NOVA LIMA, MG. CEP:34006-053','','','MG', id from senador where nome = 'RODRIGO PACHECO';"
ROGÉRIO CARVALHO,ROGÉRIO CARVALHO,SE,,Escritório de Apoio nº 01 do Senador Rogério Carvalho,"AVENIDA MINISTRO GERALDO BARRETO SOBRAL, 2100. EDIFÍCIO JFC TRADE CENTER, 13º ANDAR, SALA 1301. JARDINS, ARACAJU, SE. CEP:49026-010",,,"insert into EscritorioApoio (setor, endereco, telefone, fax, estado, fk_sen_id) select 'Escritório de Apoio nº 01 do Senador Rogério Carvalho','AVENIDA MINISTRO GERALDO BARRETO SOBRAL, 2100. EDIFÍCIO JFC TRADE CENTER, 13º ANDAR, SALA 1301. JARDINS, ARACAJU, SE. CEP:49026-010','','','SE', id from senador where nome = 'ROGÉRIO CARVALHO';"
ROMARIO,ROMARIO,RJ,,Escritório de Apoio 1 do Senador Romário,"AVENIDA DAS AMÉRICAS, 3500. SALA 130, ED. HONG KONG. BARRA DA TIJUCA, RIO DE JANEIRO, RJ. CEP:22640102",,,"insert into EscritorioApoio (setor, endereco, telefone, fax, estado, fk_sen_id) select 'Escritório de Apoio 1 do Senador Romário','AVENIDA DAS AMÉRICAS, 3500. SALA 130, ED. HONG KONG. BARRA DA TIJUCA, RIO DE JANEIRO, RJ. CEP:22640102','','','RJ', id from senador where nome = 'ROMARIO';"
ROSE DE FREITAS,ROSE DE FREITAS,ES,,Escritório de Apoio 1 da Senadora Rose de Freitas,"AVENIDA JOÃO BAPTISTA PARRA, 673. ED. ENSEADA TOWER - SL. 701/702-A. PRAIA DO SUÁ, VITÓRIA, ES. CEP:29052-123",,,"insert into EscritorioApoio (setor, endereco, telefone, fax, estado, fk_sen_id) select 'Escritório de Apoio 1 da Senadora Rose de Freitas','AVENIDA JOÃO BAPTISTA PARRA, 673. ED. ENSEADA TOWER - SL. 701/702-A. PRAIA DO SUÁ, VITÓRIA, ES. CEP:29052-123','','','ES', id from senador where nome = 'ROSE DE FREITAS';"
SÉRGIO PETECÃO,SÉRGIO PETECÃO,AC,,Escritório de Apoio do Senador Sérgio Petecão,"VIA CHICO MENDES, KM, 1. TRIÂNGULO NOVO, RIO BRANCO, AC. CEP:69906-000",,,"insert into EscritorioApoio (setor, endereco, telefone, fax, estado, fk_sen_id) select 'Escritório de Apoio do Senador Sérgio Petecão','VIA CHICO MENDES, KM, 1. TRIÂNGULO NOVO, RIO BRANCO, AC. CEP:69906-000','','','AC', id from senador where nome = 'SÉRGIO PETECÃO';"
SIMONE TEBET,SIMONE TEBET,MS,,Escritório de Apoio nº 01 da Senadora Simone Tebet,"RUA RUA ALAGOAS, 396, 396. ED.ATRIUM CORPORATE, SALAS 1004/1005. JARDIM DOS ESTADOS, CAMPO GRANDE, MS. CEP:79020-120",,,"insert into EscritorioApoio (setor, endereco, telefone, fax, estado, fk_sen_id) select 'Escritório de Apoio nº 01 da Senadora Simone Tebet','RUA RUA ALAGOAS, 396, 396. ED.ATRIUM CORPORATE, SALAS 1004/1005. JARDIM DOS ESTADOS, CAMPO GRANDE, MS. CEP:79020-120','','','MS', id from senador where nome = 'SIMONE TEBET';"
SORAYA THRONICKE,SORAYA THRONICKE,MS,,Escritório de Apoio nº 1 da Senadora Soraya Thronicke,"RUA NEYDE MAIA MIRANDA, 265. CHÁCARA CACHOEIRA, CAMPO GRANDE, MS. CEP:79040-790",,,"insert into EscritorioApoio (setor, endereco, telefone, fax, estado, fk_sen_id) select 'Escritório de Apoio nº 1 da Senadora Soraya Thronicke','RUA NEYDE MAIA MIRANDA, 265. CHÁCARA CACHOEIRA, CAMPO GRANDE, MS. CEP:79040-790','','','MS', id from senador where nome = 'SORAYA THRONICKE';"
STYVENSON VALENTM,STYVENSON VALENTM,RN,,Escritório de Apoio nº 01 do Senador Styvenson Vatentim,"RUA DR LUIZ FELIPE CÂMARA, 55. SALA 1406, EDIFÍCIO THEMIS TOWER. NATAL, RN. CEP:59064-200",,,"insert into EscritorioApoio (setor, endereco, telefone, fax, estado, fk_sen_id) select 'Escritório de Apoio nº 01 do Senador Styvenson Vatentim','RUA DR LUIZ FELIPE CÂMARA, 55. SALA 1406, EDIFÍCIO THEMIS TOWER. NATAL, RN. CEP:59064-200','','','RN', id from senador where nome = 'STYVENSON VALENTM';"
TASSO JEREISSATI,TASSO JEREISSATI,CE,,Escritório de Apoio do Senador Tasso Jereissati,"AVENIDA WASHINGTON SOARES, 55. SALA 303, ED. IGUATEMI EMPRESARIAL. CEP:60811-341",3311.4846,,"insert into EscritorioApoio (setor, endereco, telefone, fax, estado, fk_sen_id) select 'Escritório de Apoio do Senador Tasso Jereissati','AVENIDA WASHINGTON SOARES, 55. SALA 303, ED. IGUATEMI EMPRESARIAL. CEP:60811-341','3311.4846','','CE', id from senador where nome = 'TASSO JEREISSATI';"
TEOMÁRIO MOTA,TEOMÁRIO MOTA,RR,,Escritório de Apoio 1 do Senador Telmário Mota,"RUA ZACARIAS MENDES RIBEIRO, 1137. PARAVIANA, BOA VISTA, RR. CEP:69307-280",,,"insert into EscritorioApoio (setor, endereco, telefone, fax, estado, fk_sen_id) select 'Escritório de Apoio 1 do Senador Telmário Mota','RUA ZACARIAS MENDES RIBEIRO, 1137. PARAVIANA, BOA VISTA, RR. CEP:69307-280','','','RR', id from senador where nome = 'TEOMÁRIO MOTA';"
VANDERLAN CARDOSO,VANDERLAN CARDOSO,GO,,Escritório de Apoio nº 01 do Senador Vanderlan Cardoso,"PRAÇA PROF. CECILIO FLEURY. Q F32, 30. ST. SUL, GOIANIA, GO. CEP:74085-540",,,"insert into EscritorioApoio (setor, endereco, telefone, fax, estado, fk_sen_id) select 'Escritório de Apoio nº 01 do Senador Vanderlan Cardoso','PRAÇA PROF. CECILIO FLEURY. Q F32, 30. ST. SUL, GOIANIA, GO. CEP:74085-540','','','GO', id from senador where nome = 'VANDERLAN CARDOSO';"
VENEZIANO VITAL DO RÊGO,VENEZIANO VITAL DO RÊGO,PB,,Escritório de Apoio nº 01 do Senador Veneziano Vital do Rêgo,"RUA MANOEL ELIAS DE CASTRO, 14. -A, ALTO BRANCO (TÉRREO). TEL. (83) 2148-8593. CAMPINA GRANDE, PB. CEP:58401-338",,,"insert into EscritorioApoio (setor, endereco, telefone, fax, estado, fk_sen_id) select 'Escritório de Apoio nº 01 do Senador Veneziano Vital do Rêgo','RUA MANOEL ELIAS DE CASTRO, 14. -A, ALTO BRANCO (TÉRREO). TEL. (83) 2148-8593. CAMPINA GRANDE, PB. CEP:58401-338','','','PB', id from senador where nome = 'VENEZIANO VITAL DO RÊGO';"
WELLINGTON FAGUNDES,WELLINGTON FAGUNDES,MT,,Escritório de Apoio 1 do Senador Wellington Fagundes,"RUA OTÁVIO PITALUGA, 692. CENTRO, RONDONÓPOLIS, MT. CEP:78700170",,,"insert into EscritorioApoio (setor, endereco, telefone, fax, estado, fk_sen_id) select 'Escritório de Apoio 1 do Senador Wellington Fagundes','RUA OTÁVIO PITALUGA, 692. CENTRO, RONDONÓPOLIS, MT. CEP:78700170','','','MT', id from senador where nome = 'WELLINGTON FAGUNDES';"
WELLINGTON FAGUNDES,WELLINGTON FAGUNDES,MT,,Escritório de Apoio 2 do Senador Wellington Fagundes,"AVENIDA HISTORIADOR RUBENS MENDONÇA, 2368. ED. CENTRO EMPRESARIAL TOP TOWER, 5º ANDAR, SALA 506. JARDIM ACLIMAÇÃO, CUIABA, MT. CEP:78050000",,,"insert into EscritorioApoio (setor, endereco, telefone, fax, estado, fk_sen_id) select 'Escritório de Apoio 2 do Senador Wellington Fagundes','AVENIDA HISTORIADOR RUBENS MENDONÇA, 2368. ED. CENTRO EMPRESARIAL TOP TOWER, 5º ANDAR, SALA 506. JARDIM ACLIMAÇÃO, CUIABA, MT. CEP:78050000','','','MT', id from senador where nome = 'WELLINGTON FAGUNDES';"
WEVERTON DE SOUSA,WEVERTON DE SOUSA,MA,,Escritório de Apoio nº 01 do Senador Weverton Rocha,"AVENIDA HOLANDESES, 2. ED. TECH OFFICE, SALAS 303 / 304 / 305. PONTA DAREIA, SÃO LUIS, MA. CEP:65071-380",,,"insert into EscritorioApoio (setor, endereco, telefone, fax, estado, fk_sen_id) select 'Escritório de Apoio nº 01 do Senador Weverton Rocha','AVENIDA HOLANDESES, 2. ED. TECH OFFICE, SALAS 303 / 304 / 305. PONTA DAREIA, SÃO LUIS, MA. CEP:65071-380','','','MA', id from senador where nome = 'WEVERTON DE SOUSA';"
ZENAIDE MAIA,ZENAIDE MAIA,RN,,Escritório de Apoio nº 1 da Senadora Zenaide Maia,"RUA DESEMBARGADOR ANTÔNIO SOARES, 1249.  D. TIROL, NATAL, RN. CEP:59022-170",,,"insert into EscritorioApoio (setor, endereco, telefone, fax, estado, fk_sen_id) select 'Escritório de Apoio nº 1 da Senadora Zenaide Maia','RUA DESEMBARGADOR ANTÔNIO SOARES, 1249.  D. TIROL, NATAL, RN. CEP:59022-170','','','RN', id from senador where nome = 'ZENAIDE MAIA';"
ZEQUINHA MARINHO,ZEQUINHA MARINHO,PA,,Escritório de Apoio nº 01 do Senador Zequinha Marinho,"AVENIDA RÔMULO MAIORANA, 700. ED. VITTA OFFICE, SALAS 1104 E 1105. MARCO, BELÉM, PA. CEP:66040-036",,,"insert into EscritorioApoio (setor, endereco, telefone, fax, estado, fk_sen_id) select 'Escritório de Apoio nº 01 do Senador Zequinha Marinho','AVENIDA RÔMULO MAIORANA, 700. ED. VITTA OFFICE, SALAS 1104 E 1105. MARCO, BELÉM, PA. CEP:66040-036','','','PA', id from senador where nome = 'ZEQUINHA MARINHO';"
